<?xml version="1.0" encoding="UTF-8"?>
<beans xmlns="http://www.springframework.org/schema/beans"
xmlns:xsi="http://www.w3.org/2001/XMLSchema-instance"
xmlns:context="http://www.springframework.org/schema/context"
xmlns:aop="http://www.springframework.org/schema/aop"
xmlns:mvc="http://www.springframework.org/schema/mvc"
xsi:schemaLocation="http://www.springframework.org/schema/beans
http://www.springframework.org/schema/beans/spring-beans.xsd
http://www.springframework.org/schema/context
http://www.springframework.org/schema/context/spring-context.xsd 
http://www.springframework.org/schema/mvc 
http://www.springframework.org/schema/mvc/spring-mvc-4.0.xsd
http://www.springframework.org/schema/aop 
http://www.springframework.org/schema/aop/spring-aop.xsd">


<bean id="myBeansValidator"
    class="org.springframework.validation.beanvalidation.LocalValidatorFactoryBean"/>
    
    <mvc:annotation-driven validator="myBeansValidator"/>

	<context:component-scan base-package="com.igate" />

  <bean id="viewResolver" class="org.springframework.web.servlet.view.InternalResourceViewResolver">
		<property name="viewClass">
			<value>org.springframework.web.servlet.view.JstlView</value>
		</property>
		<property name="prefix"><value>jsp/</value></property>
		<property name="suffix"><value>.jsp</value></property>
  </bean> 
   
   <context:property-placeholder location="classpath:oracle.properties" />

  <bean id="dataSource"
  class="org.springframework.jdbc.datasource.DriverManagerDataSource">
  <property name="driverClassName" value="${db.driver}" />
  <property name="url" value="${db.url}" />
  <property name="username" value="${db.user}" />
  <property name="password" value="${db.password}" />
  </bean>

  <bean id="jdbcTemplate"
  class="org.springframework.jdbc.core.JdbcTemplate">
  <constructor-arg ref="dataSource" />
  </bean>
  
  <!-- <aop:aspectj-autoproxy/> -->
<bean id="logging" class="com.igate.surveymanagement.dao.LogInfo" />


  <aop:config>
	<aop:aspect ref="logging">
		<aop:before pointcut="execution(* com.igate.surveymanagement.controller.*.*(..))" method="configureLogging"/>
	</aop:aspect>
</aop:config>
 
</beans>












